<?xml version="1.0"?>
<doc>
    <assembly>
        <name>MvcTurbine</name>
    </assembly>
    <members>
        <member name="T:MvcTurbine.Controllers.TurbineActionInvoker">
            <summary>
            Defines a custom <see cref="T:System.Web.Mvc.ControllerActionInvoker"/> to use that will 
            infer actions that are not defined.
            </summary>
        </member>
        <member name="M:MvcTurbine.Controllers.TurbineActionInvoker.#ctor(MvcTurbine.ComponentModel.IServiceLocator)">
            <summary>
             Creates a new instance of the <see cref="T:System.Web.Mvc.ControllerActionInvoker"/> that 
             provides action execution for the controller
            </summary>
            <param name="locator"></param>
        </member>
        <member name="M:MvcTurbine.Controllers.TurbineActionInvoker.FindAction(System.Web.Mvc.ControllerContext,System.Web.Mvc.ControllerDescriptor,System.String)">
            <summary>
            Finds the action for the controller, if not it is inferred.
            </summary>
            <param name="controllerContext"></param>
            <param name="controllerDescriptor"></param>
            <param name="actionName"></param>
            <returns></returns>
        </member>
        <member name="P:MvcTurbine.Controllers.TurbineActionInvoker.ServiceLocator">
            <summary>
            Gets the current instance of <see cref="T:MvcTurbine.ComponentModel.IServiceLocator"/>.
            </summary>
        </member>
        <member name="T:MvcTurbine.ComponentModel.IComponentRegistration">
            <summary>
            Provides a simple way register components within your application.
            </summary>
        </member>
        <member name="M:MvcTurbine.ComponentModel.IComponentRegistration.Register(MvcTurbine.ComponentModel.IServiceLocator)">
            <summary>
            Registers the components with the specified <see cref="T:MvcTurbine.ComponentModel.IServiceLocator"/> instance.
            </summary>
            <param name="locator">Instance of <see cref="T:MvcTurbine.ComponentModel.IServiceLocator"/> to use.</param>
        </member>
        <member name="T:MvcTurbine.ComponentModel.ServiceReg">
            <summary>
            Defines a way to setup registration for the specified serviceType within the specified <see cref="T:MvcTurbine.ComponentModel.IServiceLocator"/> instance.
            </summary>
            <param name="locator">Instance of <see cref="T:MvcTurbine.ComponentModel.IServiceLocator"/> to use.</param>
            <param name="serviceType">The type to register</param>
        </member>
        <member name="T:MvcTurbine.Routing.IRouteConfigurator">
            <summary>
            Provides a simple way to register routes within your application.
            </summary>
        </member>
        <member name="M:MvcTurbine.Routing.IRouteConfigurator.RegisterRoutes(System.Web.Routing.RouteCollection)">
            <summary>
            Registers routes within <see cref="T:System.Web.Routing.RouteCollection"/> for the application.
            </summary>
            <param name="routes">The <see cref="T:System.Web.Routing.RouteCollection"/> from the <see cref="P:System.Web.Routing.RouteTable.Routes"/>.</param>
        </member>
        <member name="T:MvcTurbine.Controllers.ServiceLocatorControllerFactory">
            <summary>
            Controller Factory class for instantiating controllers using the Windsor IoC container.
            </summary>
        </member>
        <member name="M:MvcTurbine.Controllers.ServiceLocatorControllerFactory.#ctor(MvcTurbine.ComponentModel.IServiceLocator)">
            <summary>
            Creates a new instance of the <see cref="T:MvcTurbine.Controllers.ServiceLocatorControllerFactory"/> class.
            </summary>
            <param name="serviceLocator">The <see cref="T:MvcTurbine.ComponentModel.IServiceLocator"/> to use when 
            creating controllers.</param>
        </member>
        <member name="M:MvcTurbine.Controllers.ServiceLocatorControllerFactory.GetControllerInstance(System.Type)">
            <summary>
            Provides the implementation of <see cref="T:System.Web.Mvc.IController"/> from the current
            <see cref="T:MvcTurbine.ComponentModel.IServiceLocator"/>.
            </summary>
            <param name="controllerType">Type of controller to search for.</param>
            <returns>An instance of <see cref="T:System.Web.Mvc.IController"/> from the container.</returns>
        </member>
        <member name="M:MvcTurbine.Controllers.ServiceLocatorControllerFactory.ReleaseController(System.Web.Mvc.IController)">
            <summary>
            Releases the controller by giving it back to <see cref="T:MvcTurbine.ComponentModel.IServiceLocator"/>.
            </summary>
            <param name="controller">Controller to dispose.</param>
        </member>
        <member name="P:MvcTurbine.Controllers.ServiceLocatorControllerFactory.ServiceLocator">
            <summary>
            Gets the current instance of <see cref="T:MvcTurbine.ComponentModel.IServiceLocator"/> for the factory.
            </summary>
        </member>
        <member name="T:MvcTurbine.Controllers.InferredParameterDescriptor">
            <summary>
            Wrapper class defines the type of parameter to use with the <see cref="T:MvcTurbine.Controllers.InferredActionDescriptor"/>.
            </summary>
        </member>
        <member name="M:MvcTurbine.Controllers.InferredParameterDescriptor.#ctor(System.Web.Mvc.ActionDescriptor,System.String)">
            <summary>
            Default constructor
            </summary>
            <param name="descriptor"></param>
            <param name="parameterName"></param>
        </member>
        <member name="P:MvcTurbine.Controllers.InferredParameterDescriptor.ActionDescriptor">
            <summary>
            See <see cref="P:System.Web.Mvc.ParameterDescriptor.ActionDescriptor"/>.
            </summary>
        </member>
        <member name="P:MvcTurbine.Controllers.InferredParameterDescriptor.ParameterName">
            <summary>
            Returns the name of the executing action.
            </summary>
        </member>
        <member name="P:MvcTurbine.Controllers.InferredParameterDescriptor.ParameterType">
            <summary>
            Returns <see cref="T:System.String"/> as the default type.
            </summary>
        </member>
        <member name="T:MvcTurbine.ComponentModel.IServiceLocator">
            <summary>
            Provides a simple interface for resolving and registering components within
            the application.
            </summary>
        </member>
        <member name="M:MvcTurbine.ComponentModel.IServiceLocator.Resolve``1">
            <summary>
            Resolves the service of the specified type.
            </summary>
            <typeparam name="T">Type of service to resolve.</typeparam>
            <returns>An instance of the type, null otherwise.</returns>
        </member>
        <member name="M:MvcTurbine.ComponentModel.IServiceLocator.Resolve``1(System.String)">
            <summary>
            Resolves the service of the specified type by the given string key.
            </summary>
            <typeparam name="T">Type of service to resolve.</typeparam>
            <param name="key">Unique key to distinguish the service.</param>
            <returns>An instance of the type, null otherwise.</returns>
        </member>
        <member name="M:MvcTurbine.ComponentModel.IServiceLocator.Resolve``1(System.Type)">
            <summary>
            Resolves the service of the specified type by the given type key.
            </summary>
            <typeparam name="T">Type of service to resolve.</typeparam>
            <param name="type">Key type of the service.</param>
            <returns>An instance of the type, null otherwise.</returns>
        </member>
        <member name="M:MvcTurbine.ComponentModel.IServiceLocator.ResolveServices``1">
            <summary>
            Resolves the list of services of type <see cref="!:T"/> that are registered 
            within the locator.
            </summary>
            <typeparam name="T">Type of the service to resolve.</typeparam>
            <returns>A list of service of type <see cref="!:T"/>, null otherwise.</returns>
        </member>
        <member name="M:MvcTurbine.ComponentModel.IServiceLocator.Unregister``1">
            <summary>
            Unregisters services of type <see cref="!:Interface"/> from the locator.
            </summary>
            <typeparam name="Interface">Type of the service to unregister.</typeparam>
        </member>
        <member name="M:MvcTurbine.ComponentModel.IServiceLocator.Unregister``1(System.String)">
            <summary>
            Unregisters services of type <see cref="!:Interface"/> from the locator by the given 
            string key.
            </summary>
            <typeparam name="Interface">Type of the service to unregister.</typeparam>
            <param name="key">Unique key to distinguish the service.</param>
        </member>
        <member name="M:MvcTurbine.ComponentModel.IServiceLocator.Register``1(System.Type)">
            <summary>
            Registers the implemation type, <paramref name="implType"/>, with the locator under
            the <see cref="!:Interface"/> service type.
            </summary>
            <typeparam name="Interface">Type of the service to register.</typeparam>
            <param name="implType">Implementation type to use for registration.</param>
        </member>
        <member name="M:MvcTurbine.ComponentModel.IServiceLocator.Register``2">
            <summary>
            Registers the implemation type, <see cref="!:Implementation"/>, with the locator under
            the <see cref="!:Interface"/> service type.
            </summary>
            <typeparam name="Interface">Type of the service to register.</typeparam>
            <typeparam name="Implementation">Implementation type to use for registration.
            </typeparam>
        </member>
        <member name="M:MvcTurbine.ComponentModel.IServiceLocator.Register``2(System.String)">
            <summary>
            Registers the implemation type, <see cref="!:Implementation"/>, with the locator under
            the <see cref="!:Interface"/> service type.
            </summary>
            <typeparam name="Interface">Type of the service to register.</typeparam>
            <typeparam name="Implementation">Implementation type to use for registration.
            </typeparam>
            <param name="key">Unique key to distinguish the service.</param>
        </member>
        <member name="M:MvcTurbine.ComponentModel.IServiceLocator.RegisterSingleton``2">
            <summary>
            Registers the implemation type, <see cref="!:Implementation"/>, with the locator under
            the <see cref="!:Interface"/> service type as a Singleton.
            </summary>
            <typeparam name="Interface">Type of the service to register.</typeparam>
            <typeparam name="Implementation">Implementation type to use for registration.
            </typeparam>
        </member>
        <member name="M:MvcTurbine.ComponentModel.IServiceLocator.Register(System.String,System.Type)">
            <summary>
            Registers the implementation type, <paramref name="type"/>, with the locator
            by the given string key.
            </summary>
            <param name="key">Unique key to distinguish the service.</param>
            <param name="type">Implementation type to use.</param>
        </member>
        <member name="M:MvcTurbine.ComponentModel.IServiceLocator.Release(System.Object)">
            <summary>
            Releases (disposes) the service instance from within the locator.
            </summary>
            <param name="instance">Instance of a service to dipose from the locator.</param>
        </member>
        <member name="M:MvcTurbine.ComponentModel.IServiceLocator.Reset">
            <summary>
            Resets the locator to its initial state clearing all registrations.
            </summary>
        </member>
        <member name="T:MvcTurbine.TurbineApplication">
            <summary>
            Class that provides the simple IoC support for ASP.NET MVC.
            </summary>
        </member>
        <member name="M:MvcTurbine.TurbineApplication.Application_Start">
            <summary>
            Sets up one-time only execution for the application.
            </summary>
        </member>
        <member name="M:MvcTurbine.TurbineApplication.GetAssemblyFilter">
            <summary>
            Gets the default assembly filter for the application.
            </summary>
            <returns></returns>
        </member>
        <member name="M:MvcTurbine.TurbineApplication.AutoComponentSetup(MvcTurbine.ComponentModel.IServiceLocator)">
            <summary>
            Sets up all the instances of <see cref="T:MvcTurbine.ComponentModel.IComponentRegistration"/>, <see cref="T:MvcTurbine.Routing.IRouteConfigurator"/>, 
            <see cref="T:System.Web.Mvc.IController"/> that the application uses.
            </summary>
            <param name="locator">Instance of <see cref="T:MvcTurbine.ComponentModel.IServiceLocator"/> to use.</param>
        </member>
        <member name="M:MvcTurbine.TurbineApplication.AutoRegistration``1(MvcTurbine.ComponentModel.ServiceReg)">
            <summary>
            Registers the components of type <see cref="!:TComponent"/> within the specified
            <see cref="T:MvcTurbine.ComponentModel.IServiceLocator"/> instance.
            </summary>
            <typeparam name="TComponent">Type of component to register.</typeparam>
        </member>
        <member name="M:MvcTurbine.TurbineApplication.SetupControllerFactory(MvcTurbine.ComponentModel.IServiceLocator)">
            <summary>
            Sets the instance of <see cref="T:System.Web.Mvc.IControllerFactory"/> to use.  If one is not registered,
            <see cref="T:MvcTurbine.Controllers.ServiceLocatorControllerFactory"/> is used.
            </summary>
            <param name="locator">Instance of <see cref="T:MvcTurbine.ComponentModel.IServiceLocator"/> to use.</param>
        </member>
        <member name="M:MvcTurbine.TurbineApplication.Init">
            <summary>
            Default initialization of the web application.
            </summary>
        </member>
        <member name="M:MvcTurbine.TurbineApplication.InitializeModules(MvcTurbine.ComponentModel.IServiceLocator)">
            <summary>
            Initializes any <see cref="T:System.Web.IHttpModule"/> from the <see cref="T:MvcTurbine.ComponentModel.IServiceLocator"/> instance.
            </summary>
            <param name="locator">Instance of <see cref="T:MvcTurbine.ComponentModel.IServiceLocator"/> to use.</param>
        </member>
        <member name="M:MvcTurbine.TurbineApplication.InitializeComponents(MvcTurbine.ComponentModel.IServiceLocator)">
            <summary>
            Initializes any components that the application will need to use.
            </summary>
            <param name="locator">Instance of <see cref="T:MvcTurbine.ComponentModel.IServiceLocator"/> to use.</param>
        </member>
        <member name="M:MvcTurbine.TurbineApplication.ProcessComponentRegistration(MvcTurbine.ComponentModel.IServiceLocator)">
            <summary>
            Iterates through all the registered <see cref="T:MvcTurbine.ComponentModel.IComponentRegistration"/> instances.
            </summary>
            <param name="locator">Instance of <see cref="T:MvcTurbine.ComponentModel.IServiceLocator"/> to use.</param>
        </member>
        <member name="M:MvcTurbine.TurbineApplication.ProcessRouteConfigurators(MvcTurbine.ComponentModel.IServiceLocator)">
            <summary>
            Iterates through all the registered <see cref="T:MvcTurbine.Routing.IRouteConfigurator"/> instances
            and wires them up with <see cref="P:System.Web.Routing.RouteTable.Routes"/>.
            </summary>
            <param name="locator">Instance of <see cref="T:MvcTurbine.ComponentModel.IServiceLocator"/> to use.</param>        
        </member>
        <member name="M:MvcTurbine.TurbineApplication.GetServiceLocator">
            <summary>
            Gets the instance of <see cref="T:MvcTurbine.ComponentModel.IServiceLocator"/> that is registered with
            <see cref="M:MvcTurbine.ComponentModel.ServiceLocatorManager.SetLocatorProvider(MvcTurbine.ComponentModel.ServiceLocatorProvider)"/>.
            </summary>
        </member>
        <member name="P:MvcTurbine.TurbineApplication.ServiceLocator">
            <summary>
            Gets or sets the current implementation of <see cref="T:MvcTurbine.ComponentModel.IServiceLocator"/>
            the application instance will use.
            </summary>
        </member>
        <member name="T:MvcTurbine.ComponentModel.ServiceLocatorProvider">
            <summary>
            Defines the resolutioon delegate to obtain an instance of <see cref="T:MvcTurbine.ComponentModel.IServiceLocator"/>.
            </summary>
            <returns></returns>
        </member>
        <member name="T:MvcTurbine.ComponentModel.ServiceLocatorManager">
            <summary>
            Utility class for accessing the default registered instance of <see cref="T:MvcTurbine.ComponentModel.IServiceLocator"/>.
            </summary>
        </member>
        <member name="M:MvcTurbine.ComponentModel.ServiceLocatorManager.SetLocatorProvider(MvcTurbine.ComponentModel.ServiceLocatorProvider)">
            <summary>
            Sets the current instance of <see cref="T:MvcTurbine.ComponentModel.IServiceLocator"/> by using the specified
            resolution delegate.
            </summary>
            <param name="newProvider">Resolution delegate that will obtain the instance of 
            <see cref="T:MvcTurbine.ComponentModel.IServiceLocator"/>.</param>
        </member>
        <member name="P:MvcTurbine.ComponentModel.ServiceLocatorManager.Current">
            <summary>
            Gets the current registered instance of <see cref="T:MvcTurbine.ComponentModel.IServiceLocator"/>.
            </summary>
            <remarks>To register an instance use the <see cref="M:MvcTurbine.ComponentModel.ServiceLocatorManager.SetLocatorProvider(MvcTurbine.ComponentModel.ServiceLocatorProvider)"/> method.</remarks>
        </member>
        <member name="T:MvcTurbine.AssemblyFilter">
            <summary>
            Defines a list of filters to apply to an assembly name.
            </summary>
        </member>
        <member name="M:MvcTurbine.AssemblyFilter.#ctor">
            <summary>
            Creates an instance and applies the default filters. For default filters, see <see cref="M:MvcTurbine.AssemblyFilter.AddDefaults"/>.
            </summary>
        </member>
        <member name="M:MvcTurbine.AssemblyFilter.AddDefaults">
            <summary>
            Sets the following filters as default, (System, mscorlib, Microsoft, WebDev, CppCodeProvider).
            
            </summary>
        </member>
        <member name="M:MvcTurbine.AssemblyFilter.AddFilter(System.String)">
            <summary>
            Adds the specified filter to the list if not previously added.
            </summary>
            <param name="filter">Filter to add into the list.</param>
        </member>
        <member name="M:MvcTurbine.AssemblyFilter.Clear">
            <summary>
            Clears the list of registered filters.
            </summary>
        </member>
        <member name="M:MvcTurbine.AssemblyFilter.Match(System.String)">
            <summary>
            Checks whether <paramref name="assemblyName"/> matches the filter list.
            </summary>
            <param name="assemblyName">Name of the assembly to check.</param>
            <returns>True if match, false otherise.</returns>
        </member>
        <member name="P:MvcTurbine.AssemblyFilter.Filters">
            <summary>
            Gets or sets the list for the filters.
            </summary>
        </member>
        <member name="T:MvcTurbine.Controllers.InferredActionDescriptor">
            <summary>
            Custom implementation of <see cref="T:System.Web.Mvc.ActionDescriptor"/> to wire up inferred action execution.
            </summary>
        </member>
        <member name="M:MvcTurbine.Controllers.InferredActionDescriptor.#ctor(System.String,System.Web.Mvc.ControllerDescriptor)">
            <summary>
            See <see cref="T:System.Web.Mvc.ActionDescriptor"/>
            </summary>
            <param name="actionName"></param>
            <param name="controllerDescriptor"></param>
        </member>
        <member name="M:MvcTurbine.Controllers.InferredActionDescriptor.Execute(System.Web.Mvc.ControllerContext,System.Collections.Generic.IDictionary{System.String,System.Object})">
            <summary>
            Always returns a <see cref="T:System.Web.Mvc.ViewResult"/> with the specified <see cref="P:MvcTurbine.Controllers.InferredActionDescriptor.ActionName"/> as the name of the view.
            For more information, see <see cref="M:System.Web.Mvc.ActionDescriptor.Execute(System.Web.Mvc.ControllerContext,System.Collections.Generic.IDictionary{System.String,System.Object})"/>.
            </summary>
            <param name="controllerContext"></param>
            <param name="parameters"></param>
            <returns></returns>
        </member>
        <member name="M:MvcTurbine.Controllers.InferredActionDescriptor.GetParameters">
            <summary>
            Gets an one item array of <see cref="T:MvcTurbine.Controllers.InferredParameterDescriptor"/> containing the current instance.
            </summary>
            <returns></returns>
        </member>
        <member name="P:MvcTurbine.Controllers.InferredActionDescriptor.ActionName">
            <summary>
            See <see cref="P:System.Web.Mvc.ActionDescriptor.ActionName"/>.
            </summary>
        </member>
        <member name="P:MvcTurbine.Controllers.InferredActionDescriptor.ControllerDescriptor">
            <summary>
            See <see cref="P:System.Web.Mvc.ActionDescriptor.ControllerDescriptor"/>.
            </summary>
        </member>
    </members>
</doc>
